{"cameraMode":{"drawMode":0,"name":"Shaded","section":"Shading Mode"},"sceneLighting":true,"audioPlay":false,"sceneViewState":{"showFog":false,"showMaterialUpdate":false,"showSkybox":false,"showFlares":false,"showImageEffects":false,"showParticleSystems":false},"in2DMode":false,"pivot":{"x":-0.7180477380752564,"y":0.9821821451187134,"z":-0.09372720867395401},"rotation":{"x":-0.057451341301202777,"y":0.9250226020812988,"z":-0.1554556041955948,"w":-0.341858834028244},"size":6.27331018447876,"orthographic":true}