{"cameraMode":{"drawMode":0,"name":"Shaded","section":"Shading Mode"},"sceneLighting":true,"audioPlay":false,"sceneViewState":{"showFog":false,"showMaterialUpdate":false,"showSkybox":false,"showFlares":false,"showImageEffects":false,"showParticleSystems":false},"in2DMode":false,"pivot":{"x":0.5568981170654297,"y":-3.319430351257324,"z":-0.013867183588445187},"rotation":{"x":-0.011999722570180893,"y":-4.13551681788249e-8,"z":2.533834617679531e-7,"w":0.9999313950538635},"size":2.8303823471069338,"orthographic":true}