{"cameraMode":{"drawMode":0,"name":"Shaded","section":"Shading Mode"},"sceneLighting":true,"audioPlay":false,"sceneViewState":{"showFog":false,"showMaterialUpdate":false,"showSkybox":false,"showFlares":false,"showImageEffects":false,"showParticleSystems":false},"in2DMode":false,"pivot":{"x":1.2973933219909669,"y":3.6562376022338869,"z":-7.598724365234375},"rotation":{"x":-0.0001267352345166728,"y":-0.9998550415039063,"z":-0.014998910017311573,"w":0.008397405035793782},"size":13.210530281066895,"orthographic":true}