{"cameraMode":{"drawMode":0,"name":"Shaded","section":"Shading Mode"},"sceneLighting":true,"audioPlay":false,"sceneViewState":{"showFog":false,"showMaterialUpdate":false,"showSkybox":false,"showFlares":false,"showImageEffects":false,"showParticleSystems":false},"in2DMode":false,"pivot":{"x":120.98744201660156,"y":519.2176513671875,"z":-8.012320518493653},"rotation":{"x":0.00899700541049242,"y":0.025496382266283037,"z":-0.00022926567180547863,"w":0.9996353983879089},"size":536.21826171875,"orthographic":true}