{"cameraMode":{"drawMode":0,"name":"Shaded","section":"Shading Mode"},"sceneLighting":true,"audioPlay":false,"sceneViewState":{"showFog":false,"showMaterialUpdate":false,"showSkybox":false,"showFlares":false,"showImageEffects":false,"showParticleSystems":false},"in2DMode":false,"pivot":{"x":112.40946197509766,"y":-34.28517150878906,"z":-48.447052001953128},"rotation":{"x":0.00899700541049242,"y":0.025496382266283037,"z":-0.00022926567180547863,"w":0.9996353983879089},"size":463.3050842285156,"orthographic":true}